model,trials,mae,mse,huber_loss,val_loss,parameters
xPatch,150,10.455543804800872,338.89313782026704,10.07259464263916,2.585550308227539,"{'batch_size': 208, 'learning_rate': 0.0006554334484062519, 'max_epochs': 2000, 'num_workers': 8, 'patch_len': 16, 'stride': 5, 'padding_patch': 'None', 'revin': 0, 'ma_type': 'reg', 'alpha': 0.6803081419478867, 'beta': 0.7493277554345201}"
AdaBoost,150,15.997556611986745,874.5870136865459,15.589602234197462,3.9735798387033423,"{'batch_size': 112, 'learning_rate': 0.001180923466722264, 'max_epochs': 1100, 'num_workers': 9, 'n_estimators': 151, 'learning_rate_model': 0.9143031551070804}"
GradientBoosting,150,13.392124772950725,502.29590817555413,12.97990037912396,3.3220446816776,"{'batch_size': 128, 'learning_rate': 0.0008348704574042893, 'max_epochs': 1300, 'num_workers': 9, 'n_estimators': 325, 'max_depth': 2, 'min_samples_split': 2, 'min_samples_leaf': 12, 'max_features': 0.7905460467424213, 'learning_rate_model': 0.38415814166769624, 'subsample': 0.39729124539174876}"
GRU,150,10.808917293644916,384.11767824152645,10.471089363098145,2.6787948608398438,"{'batch_size': 160, 'learning_rate': 0.008214250139084259, 'max_epochs': 1700, 'num_workers': 10, 'hidden_size': 179, 'num_layers': 1, 'dropout': 0.8081170085414112}"
RandomForest,150,17.007472704033884,1052.114232730723,16.592248484971524,4.2258305882059535,"{'batch_size': 80, 'learning_rate': 0.0024309462831591075, 'max_epochs': 2000, 'num_workers': 10, 'n_estimators': 111, 'max_depth': 16, 'min_samples_split': 3, 'min_samples_leaf': 3, 'max_features': 0.9596702162606467}"
LSTM,150,12.714757810939442,594.8248098051392,12.396743774414062,3.1563732624053955,"{'batch_size': 192, 'learning_rate': 0.008405810836213588, 'max_epochs': 1800, 'num_workers': 12, 'hidden_size': 144, 'num_layers': 1, 'dropout': 0.624867070588652}"
