model,trials,mae,mse,huber_loss,val_loss,parameters
LSTM,150,12.778544655050894,601.6705096007597,12.46203327178955,3.172377824783325,"{'batch_size': 240, 'learning_rate': 0.006737826136406453, 'max_epochs': 1800, 'num_workers': 8, 'hidden_size': 168, 'num_layers': 1, 'dropout': 0.08926779431569574}"
PatchMixer,150,13.380616144286563,583.9655222578269,12.90068244934082,3.3140146732330322,"{'batch_size': 256, 'learning_rate': 0.0004646414616809131, 'max_epochs': 2000, 'num_workers': 9, 'patch_len': 4, 'stride': 10, 'mixer_kernel_size': 2, 'd_model': 320, 'dropout': 0.4, 'head_dropout': 0.0, 'e_layers': 10}"
RandomForestRegressor,150,53.50452345277203,4653.087795533167,53.00511857019008,13.344899648715142,"{'batch_size': 64, 'learning_rate': 0.0002765831743953899, 'max_epochs': 1300, 'num_workers': 8, 'n_estimators': 194, 'max_depth': 2, 'min_samples_split': 15, 'min_samples_leaf': 19, 'max_features': 0.11993729200314268}"
AdaBoostRegressor,150,48.71115098926649,4643.913093849607,48.21265162897933,12.146541891346322,"{'batch_size': 48, 'learning_rate': 0.005360475246066047, 'max_epochs': 1700, 'num_workers': 6, 'n_estimators': 111, 'learning_rate_model': 0.01665617825134066}"
GRU,150,10.9343741397665,393.75104177024957,10.596242904663086,2.7089452743530273,"{'batch_size': 256, 'learning_rate': 0.0084404811425464, 'max_epochs': 1700, 'num_workers': 6, 'hidden_size': 169, 'num_layers': 1, 'dropout': 0.19749305236112333}"
GradientBoosting,150,45.528521023300605,3175.80312666791,45.03085897819017,11.350923499019055,"{'batch_size': 112, 'learning_rate': 0.001321503620156157, 'max_epochs': 1700, 'num_workers': 9, 'n_estimators': 430, 'max_depth': 4, 'min_samples_split': 14, 'min_samples_leaf': 18, 'max_features': 0.8948724470619752, 'learning_rate_model': 0.5622454397802673, 'subsample': 0.5428375829157808}"
xPatch,150,10.66978341702259,356.04131984585456,10.324461936950684,2.642630815505981,"{'batch_size': 64, 'learning_rate': 0.0004865675722861067, 'max_epochs': 1400, 'num_workers': 14, 'patch_len': 6, 'stride': 1, 'padding_patch': 'end', 'revin': 0, 'ma_type': 'reg', 'alpha': 0.4689754211609729, 'beta': 0.6857634099892445}"